<?xml version = "1.0"?>
<GameData>
<!-- screenTitle is also used to identify you and your animation.
     So make sure to include your name as part of the screenTitle -->
<title>Delve (Jake)</title>
<maxStringSize>50</maxStringSize>

<frameCapOn>true</frameCapOn>
<period>17</period>

<maxFrames>300</maxFrames>
<username>malloy</username>

<view>
  <width>1280</width>
  <height>720</height>
</view>

<world>
  <width>5000</width>
  <height>1198</height>
</world>

<test>
  <attr1>"att 1 \n newline?"</attr1>

</test>

<back>
  <file>assets/night_bg.png</file>
  <factor>2</factor>
  <transparency>false</transparency>
</back>

<parallax>
  <file>assets/mountain_bg.png</file>
  <factor>1</factor>
  <transparency>false</transparency>
</parallax>

<font name="font">
  <file>fonts/arial.ttf</file>
  <size>24</size>
  <red>255</red>
  <green>255</green>
  <blue>0</blue>
  <alpha>0</alpha>
</font>

<hud>
  <title>Menu</title>
  <width>250</width>
  <height>350</height>
  <x>10</x>
  <y>10</y>
</hud>

<pauseMenu>
  <title>Paused</title>
  <width>500</width>
  <height>500</height>
  <x>10</x>
  <y>10</y>
</pauseMenu>

<UFO>
  <file>assets/ufo.png</file>
  <startLoc x="50" y="100"/>
  <frames>3</frames>
  <frameInterval>175</frameInterval>
  <speedX>300</speedX>
  <speedY>300</speedY>
  <transparency>false</transparency>
</UFO>

<Bird>
  <file>assets/arrow.png</file>
  <startLoc x="50" y="400"/>
  <frames>8</frames>
  <frameInterval>100</frameInterval>
  <speedX>150</speedX>
  <speedY>75</speedY>
  <transparency>false</transparency>
  <count>20</count>
  <safeDistance>300</safeDistance>
</Bird>

</GameData>
